-- 0
INSERT INTO "round"("data", "name")
VALUES ('', '1 круг'),
       ('', '2 круг'),
       ('1', '1 тур'),
       ('1', '2 тур'),
       ('1', '3 тур'),
       ('1', '4 тур'),
       ('1', '5 тур'),
       ('1', '6 тур'),
       ('1', '7 тур'),
       ('1', '8 тур'),
       ('1', '9 тур'),
       ('1', '10 тур'),
       ('1', '11 тур'),
       ('1', '12 тур'),
       ('1', '13 тур'),
       ('1', '14 тур'),
       ('1', '15 тур'),
       ('1', '16 тур'),
       ('1', '17 тур'),
       ('1', '18 тур'),
       ('1', '19 тур'),
       ('1', '20 тур'),
       ('1', '21 тур'),
       ('1', '22 тур'),
       ('1', '23 тур'),
       ('1', '24 тур'),
       ('1', '25 тур'),
       ('1', '26 тур'),
       ('1', '27 тур'),
       ('1', '28 тур'),
       ('1', '29 тур'),
       ('1', '30 тур');

INSERT INTO "tournament"("emoji", "full", "sign", "short", "status")
VALUES ('🌍', 'Лига наций', 'LN', 'ЛН', 0),
       ('🇷🇺', 'Чемпионат России', 'Rus', 'ЧР', 0);

INSERT INTO "tournamentSeasonHandler"("id", "sign")
VALUES (0, 'C');

INSERT INTO "type"("id", "sign")
VALUES (0, 'C'),
       (1, 'N');

INSERT INTO "user"("emoji", "id", "name", "sign", "telegram")
VALUES ('', 0, 'Perke', 'P', 'peterperke'),
       ('', 1, 'Jagry', 'J', 'whiteseaer'),
       ('', 2, 'Kardick', 'K', 'el_kardo');
--1
INSERT INTO "roundLink"("child", "index", "parent")
VALUES (3, 0, 1),
       (4, 1, 1),
       (5, 2, 1),
       (6, 3, 1),
       (7, 4, 1),
       (8, 5, 1),
       (9, 6, 1),
       (10, 7, 1),
       (11, 8, 1),
       (12, 9, 1),
       (13, 10, 1),
       (14, 11, 1),
       (15, 12, 1),
       (16, 13, 1),
       (17, 14, 1),
       (18, 0, 2),
       (19, 1, 2),
       (20, 2, 2),
       (21, 3, 2),
       (22, 4, 2),
       (23, 5, 2),
       (24, 6, 2),
       (25, 7, 2),
       (26, 8, 2),
       (27, 9, 2),
       (28, 10, 2),
       (29, 11, 2),
       (30, 12, 2),
       (31, 13, 2),
       (32, 14, 2);

INSERT INTO "season"("start", "finish")
VALUES (22, 23),
       (22, 24);
--2
INSERT INTO "tournamentSeason"("handler", "index", "season", "tournament")
VALUES (0, 0, 1, 1),
       (0, 1, 1, 2);
--3
INSERT INTO "seasonRound"("index", "round", "ts")
VALUES (0, 1, 2),
       (1, 2, 2);

INSERT INTO "team" ("full", "short", "ts")
VALUES ('Локомотив/Москва', 'Локомотив', 2),
       ('Спартак/Москва', 'Спартак', 2),
       ('Ахмат/Грозный', 'Ахмат', 2),
       ('Динамо/Москва', 'Динамо', 2),
       ('Зенит/Санкт-Петербург', 'Зенит', 2),

       ('Краснодар', 'Краснодар', 2),
       ('Крылья Советов/Самара', 'КС', 2),
       ('Пари Нижний Новгород', 'ПНН', 2),
       ('Оренбург', 'Оренбург', 2),
       ('Ростов', 'Ростов', 2),

       ('Сочи', 'Сочи', 2),
       ('Торпедо/Москва', 'Торпедо', 2),
       ('Урал/Екатеринбург', 'Урал', 2),
       ('Факел/Воронеж', 'Факел', 2),
       ('Химки/Московская обл.', 'Химки', 2),

       ('ЦСКА/Москва', 'ЦСКА', 2);
-- 4
INSERT INTO "match"("goal1", "goal2", "round", "team1", "team2", "time")
VALUES (1, 1, 3, 15, 5, '2022-07-15 20:00:00'),
       (2, 0, 3, 16, 13, '2022-07-16 15:00:00'),
       (2, 4, 3, 9, 7, '2022-07-16 17:30:00'),
       (1, 1, 3, 3, 2, '2022-07-16 20:00:00'),
       (1, 3, 3, 12, 11, '2022-07-17 15:00:00'),
       (1, 1, 3, 1, 8, '2022-07-17 17:30:00'),
       (2, 2, 3, 6, 14, '2022-07-17 20:00:00'),
       (1, 1, 3, 4, 10, '2022-07-17 20:00:00'),

       (3, 0, 4, 5, 7, '2022-07-22 20:00:00'),
       (3, 0, 4, 16, 11, '2022-07-23 15:00:00'),
       (3, 0, 4, 9, 13, '2022-07-23 17:30:00'),
       (1, 4, 4, 6, 2, '2022-07-23 20:00:00'),
       (3, 0, 4, 15, 9, '2022-07-24 15:00:00'),
       (4, 0, 4, 4, 12, '2022-07-24 17:30:00'),
       (2, 2, 4, 1, 10, '2022-07-24 20:00:00'),
       (2, 1, 4, 14, 5, '2022-07-24 20:00:00'),

       (null, null, 5, 13, 6, '2022-07-29 18:00:00'),
       (null, null, 5, 14, 4, '2022-07-30 15:00:00'),
       (null, null, 5, 5, 1, '2022-07-30 17:30:00'),
       (null, null, 5, 11, 3, '2022-07-30 20:00:00'),
       (null, null, 5, 8, 16, '2022-07-31 15:00:00'),
       (null, null, 5, 2, 9, '2022-07-31 17:30:00'),
       (null, null, 5, 7, 12, '2022-07-31 17:30:00'),
       (null, null, 5, 10, 15, '2022-07-31 20:00:00');
-- 5
INSERT INTO "bet"("goal1", "goal2", "match", "user")
VALUES (0, 2, 1, 1),
       (0, 4, 1, 2),
       (1, 0, 2, 0),
       (1, 0, 2, 1),
       (1, 0, 2, 2),
       (0, 1, 3, 0),
       (1, 1, 3, 1),
       (0, 0, 3, 2),
       (1, 2, 4, 0),
       (1, 1, 4, 1),
       (1, 0, 4, 2),
       (0, 2, 5, 0),
       (0, 1, 5, 1),
       (2, 1, 5, 2),
       (0, 2, 6, 0),
       (2, 1, 6, 1),
       (3, 1, 6, 2),
       (2, 0, 7, 0),
       (2, 0, 7, 1),
       (1, 1, 7, 2),
       (2, 1, 8, 0),
       (2, 1, 8, 1),
       (1, 1, 8, 2),
       (3, 1, 9, 0),
       (2, 1, 9, 1),
       (2, 0, 9, 2),
       (1, 1, 10, 0),
       (1, 1, 10, 1),
       (1, 1, 10, 2),
       (2, 1, 11, 0),
       (1, 1, 11, 1),
       (0, 1, 11, 2),
       (2, 1, 12, 0),
       (1, 1, 12, 1),
       (2, 1, 12, 2),
       (2, 1, 13, 0),
       (1, 1, 13, 1),
       (0, 2, 13, 2),
       (3, 0, 14, 0),
       (2, 0, 14, 1),
       (2, 2, 14, 2),
       (1, 1, 15, 0),
       (1, 1, 15, 1),
       (1, 2, 15, 2),
       (1, 1, 16, 0),
       (1, 0, 16, 1),
       (2, 0, 16, 2);
